Name,Email,Dars,Statement,Date,Address

world,world@miamioh.edu,C:\fakepath\admin.html,C:\fakepath\pdf.pdf,05undefined02undefined2020,100 North Patterson Avenue Ohio 45056 United States
haker,haker@miamioh.edu,C:\fakepath\admin.html,C:\fakepath\pdf.pdf,05undefined02undefined2020,100 North Patterson Avenue Ohio 45056 United States
ranch,ranch@miamioh.edu,C:\fakepath\admin.html,C:\fakepath\pdf.pdf,05undefined02undefined2020,100 North Patterson Avenue Ohio 45056 United States
asdf,sdf@miamioh.edu,C:\fakepath\admin_login.html,C:\fakepath\pdf.pdf,05undefined02undefined2020,100 North Patterson Avenue Ohio 45056 United States
asdf,asdf@miamioh.edu,C:\fakepath\admin.html,C:\fakepath\pdf.pdf,05undefined02undefined2020,100 North Patterson Avenue Ohio 45056 United States
hard,hard@miamioh.edu,C:\fakepath\admin_login.html,C:\fakepath\pdf.pdf,05undefined02undefined2020,100 North Patterson Avenue Ohio 45056 United States
asdf,sdfd@miamioh.edu,C:\fakepath\admin_login.html,C:\fakepath\pdf.pdf,05undefined02undefined2020,100 North Patterson Avenue Ohio 45056 United States
asdf,asdf@miamioh.edu,C:\fakepath\admin_login.html,C:\fakepath\pdf.pdf,05undefined02undefined2020,100 North Patterson Avenue Ohio 45056 United States